2021-01-01 00:00:00,BTCUSDC,28964.54000000,29680.00000000,28608.73000000,29407.93000000,1736.62048000,50844031.46108671
2021-01-02 00:00:00,BTCUSDC,29393.99000000,33500.00000000,29027.03000000,32215.18000000,4227.23468100,132797010.86035838
2021-01-03 00:00:00,BTCUSDC,32216.13000000,34851.30000000,32002.65000000,33033.26000000,3523.88112000,117967499.22410279
2021-01-04 00:00:00,BTCUSDC,33040.00000000,33648.27000000,28000.00000000,32017.58000000,4218.57235700,132757748.78098219
2021-01-05 00:00:00,BTCUSDC,32027.11000000,34498.00000000,29882.30000000,34059.70000000,3150.24427100,102348017.94351351
2021-01-06 00:00:00,BTCUSDC,34057.84000000,37000.00000000,33343.24000000,36834.77000000,4168.29325900,145654985.59751324
2021-01-07 00:00:00,BTCUSDC,36859.03000000,40390.98000000,36005.00000000,39494.85000000,4330.38653600,165428357.63364436
2021-01-08 00:00:00,BTCUSDC,39504.38000000,42037.99000000,36286.12000000,40622.89000000,4042.51672300,161494204.62687228
2021-01-09 00:00:00,BTCUSDC,40645.36000000,41422.59000000,38717.42000000,40238.43000000,2235.39165600,90268328.36168628
2021-01-10 00:00:00,BTCUSDC,40239.66000000,41453.67000000,35105.94000000,38156.40000000,3134.32525000,122393593.49655667
2021-01-11 00:00:00,BTCUSDC,38150.92000000,38265.27000000,30239.51000000,35421.45000000,7086.24849300,238871629.38993045
2021-01-12 00:00:00,BTCUSDC,35460.42000000,36637.61000000,32504.47000000,34074.89000000,4671.20893600,162409925.95226185
2021-01-13 00:00:00,BTCUSDC,34045.93000000,37800.00000000,32344.85000000,37369.85000000,4095.86158100,141925204.52148682
2021-01-14 00:00:00,BTCUSDC,37369.85000000,40100.00000000,36754.17000000,39094.19000000,4029.85651900,155761186.27211348
2021-01-15 00:00:00,BTCUSDC,39113.82000000,39689.65000000,34318.00000000,36768.77000000,5308.25574300,194973947.44619929
2021-01-16 00:00:00,BTCUSDC,36751.33000000,38000.00000000,35370.39000000,35991.67000000,3225.45309900,118910432.77206702
2021-01-17 00:00:00,BTCUSDC,35991.66000000,36847.01000000,33790.50000000,35818.76000000,2757.68085300,97907104.10514838
2021-01-18 00:00:00,BTCUSDC,35801.66000000,37499.92000000,34761.67000000,36645.06000000,2977.82493500,107752519.45561572
2021-01-19 00:00:00,BTCUSDC,36645.26000000,37967.29000000,35875.72000000,35875.72000000,3584.12324300,132250483.19424635
2021-01-20 00:00:00,BTCUSDC,35928.27000000,36412.99000000,33390.93000000,35509.09000000,4140.69765800,144763848.32609751
2021-01-21 00:00:00,BTCUSDC,35478.50000000,35612.24000000,30050.00000000,30841.62000000,6460.23840800,209469232.05833734
2021-01-22 00:00:00,BTCUSDC,30845.85000000,33862.06000000,28800.00000000,32994.37000000,5579.81141300,175600626.23584799
2021-01-23 00:00:00,BTCUSDC,32973.31000000,33485.16000000,31425.89000000,32098.02000000,2427.42714600,78546134.77444170
2021-01-24 00:00:00,BTCUSDC,32098.02000000,33096.77000000,30949.15000000,32302.42000000,1680.71523900,53991477.56416342
2021-01-25 00:00:00,BTCUSDC,32296.36000000,34900.00000000,31927.29000000,32259.82000000,3786.75474800,126674955.74705640
2021-01-26 00:00:00,BTCUSDC,32259.82000000,32934.14000000,30747.24000000,32499.43000000,3620.44296100,115461889.16514549
2021-01-27 00:00:00,BTCUSDC,32505.08000000,32573.85000000,29240.00000000,30404.70000000,4569.56312900,140726246.32660154
2021-01-28 00:00:00,BTCUSDC,30419.72000000,33848.16000000,29878.28000000,33454.22000000,3955.90006800,126741030.79938671
2021-01-29 00:00:00,BTCUSDC,33448.07000000,38639.19000000,31977.27000000,34268.18000000,7160.95254200,255384328.05077888
2021-01-30 00:00:00,BTCUSDC,34250.03000000,34936.14000000,32821.83000000,34311.15000000,2743.85682600,93166637.82210505
2021-01-31 00:00:00,BTCUSDC,34302.16000000,34379.02000000,32200.04000000,33130.26000000,2117.53739200,70477926.65322986
2021-02-01 00:00:00,BTCUSDC,33120.51000000,34781.92000000,32324.02000000,33545.58000000,2599.69881600,87751613.35547667
2021-02-02 00:00:00,BTCUSDC,33530.59000000,36025.69000000,33440.86000000,35516.68000000,3360.72634900,117133298.42465834
2021-02-03 00:00:00,BTCUSDC,35500.00000000,37685.71000000,35404.21000000,37661.46000000,3210.01250600,117709185.47379358
2021-02-04 00:00:00,BTCUSDC,37637.44000000,38759.09000000,36192.89000000,36976.61000000,3025.32082300,113656801.63045065
2021-02-05 00:00:00,BTCUSDC,36962.83000000,38366.53000000,36606.29000000,38333.51000000,2393.11657100,90125204.34381807
2021-02-06 00:00:00,BTCUSDC,38341.86000000,41000.00000000,38233.51000000,39256.58000000,2762.27349400,109880151.25475043
2021-02-07 00:00:00,BTCUSDC,39281.34000000,39742.88000000,37376.72000000,38866.41000000,2805.70151300,108391537.97266951
2021-02-08 00:00:00,BTCUSDC,38860.36000000,47500.00000000,37000.00000000,46452.01000000,4452.16061300,189569359.35988677
2021-02-09 00:00:00,BTCUSDC,46457.14000000,48216.56000000,45000.00000000,46488.27000000,4025.38658900,187837003.25450567
2021-02-10 00:00:00,BTCUSDC,46480.68000000,47379.74000000,43741.91000000,44858.18000000,3472.69011600,158239756.02866267
2021-02-11 00:00:00,BTCUSDC,44844.88000000,48692.99000000,44007.78000000,47997.30000000,2685.78931500,126042879.34257909
2021-02-12 00:00:00,BTCUSDC,48007.40000000,48999.00000000,46191.22000000,47446.08000000,3020.94994800,143659169.96995944
2021-02-13 00:00:00,BTCUSDC,47424.70000000,48206.20000000,46210.36000000,47214.70000000,2035.61066100,96063215.62184577
2021-02-14 00:00:00,BTCUSDC,47227.37000000,49735.42000000,47080.00000000,48629.31000000,1962.70117500,95347718.99610664
2021-02-15 00:00:00,BTCUSDC,48626.59000000,49033.90000000,45777.81000000,47905.52000000,2384.18172300,113668044.98785035
2021-02-16 00:00:00,BTCUSDC,47916.82000000,50644.84000000,47022.88000000,49145.89000000,2585.96432700,126619059.64040233
2021-02-17 00:00:00,BTCUSDC,49157.32000000,52637.50000000,48950.66000000,52122.96000000,2694.39073000,137505531.21207377
2021-02-18 00:00:00,BTCUSDC,52147.31000000,52541.74000000,50882.83000000,51592.33000000,2255.37392400,116910427.57867676
2021-02-19 00:00:00,BTCUSDC,51581.01000000,56414.43000000,50627.41000000,55919.45000000,2794.08806500,149162698.77082208
2021-02-20 00:00:00,BTCUSDC,55919.45000000,57584.45000000,53444.57000000,55900.00000000,2339.56530500,131425913.66540033
2021-02-21 00:00:00,BTCUSDC,55894.86000000,58367.75000000,55520.21000000,57484.39000000,1903.95950600,108463554.53465814
2021-02-22 00:00:00,BTCUSDC,57463.71000000,57561.55000000,47701.00000000,54110.42000000,5641.99769500,303130485.24196782
2021-02-23 00:00:00,BTCUSDC,54101.03000000,54218.22000000,44901.96000000,48878.02000000,6957.53464800,337509988.57093665
2021-02-24 00:00:00,BTCUSDC,48876.11000000,51412.64000000,46989.91000000,49694.58000000,3450.74510000,171811674.09486018
2021-02-25 00:00:00,BTCUSDC,49698.82000000,52072.02000000,46702.50000000,47029.58000000,3538.66820500,176848237.56105921
2021-02-26 00:00:00,BTCUSDC,47082.14000000,48450.00000000,44112.00000000,46367.18000000,3936.66343400,183297983.92875845
2021-02-27 00:00:00,BTCUSDC,46301.59000000,48369.99000000,45000.00000000,46167.30000000,1759.60068300,82725873.99262832
2021-02-28 00:00:00,BTCUSDC,46141.75000000,46675.22000000,43000.00000000,45215.21000000,2818.14790400,125614928.52569081
2021-03-01 00:00:00,BTCUSDC,45243.69000000,49850.00000000,45031.37000000,49647.30000000,2942.35350900,140595628.91993960
2021-03-02 00:00:00,BTCUSDC,49647.30000000,50262.96000000,47060.00000000,48494.34000000,2097.90570200,101810247.36996898
2021-03-03 00:00:00,BTCUSDC,48462.40000000,52667.39000000,48137.77000000,50379.88000000,2318.72378300,117809559.02748274
2021-03-04 00:00:00,BTCUSDC,50381.67000000,51785.71000000,47500.00000000,48360.96000000,2542.46550200,125019288.05185493
2021-03-05 00:00:00,BTCUSDC,48348.75000000,49483.43000000,46296.16000000,48741.18000000,2163.30810500,103108525.05093347
2021-03-06 00:00:00,BTCUSDC,48787.96000000,49204.79000000,47068.13000000,48893.51000000,1125.15087300,54329641.51987682
2021-03-07 00:00:00,BTCUSDC,48915.02000000,51469.78000000,48915.02000000,50979.57000000,1429.35621300,71885496.60582852
2021-03-08 00:00:00,BTCUSDC,50980.49000000,52423.36000000,49318.79000000,52423.32000000,1995.94423600,101379917.40597315
2021-03-09 00:00:00,BTCUSDC,52403.30000000,54900.00000000,51854.85000000,54900.00000000,2114.06902600,114100321.08803698
2021-03-10 00:00:00,BTCUSDC,54893.57000000,57400.00000000,53030.00000000,55881.84000000,2442.66238000,135664300.84572477
2021-03-11 00:00:00,BTCUSDC,55853.46000000,58162.60000000,54250.65000000,57795.55000000,2160.78439300,121623877.74089506
2021-03-12 00:00:00,BTCUSDC,57795.55000000,58082.37000000,55008.09000000,57226.46000000,1907.32147300,108195246.11322743
2021-03-13 00:00:00,BTCUSDC,57278.41000000,61800.00000000,56084.83000000,61153.84000000,2201.59022500,130098514.81204086
2021-03-14 00:00:00,BTCUSDC,61182.49000000,61682.47000000,58979.41000000,59011.65000000,1388.16801200,83715665.43037844
2021-03-15 00:00:00,BTCUSDC,59000.00000000,61720.00000000,54559.50000000,55628.69000000,3045.06797900,173876935.33317324
2021-03-16 00:00:00,BTCUSDC,55637.22000000,57708.86000000,53275.00000000,56925.26000000,2524.84825600,139415120.23599777
2021-03-17 00:00:00,BTCUSDC,56908.80000000,59000.00000000,54137.72000000,58947.13000000,1998.71466000,112506240.07384273
2021-03-18 00:00:00,BTCUSDC,58941.70000000,60115.06000000,56978.69000000,57654.20000000,2125.52688700,124573443.77365416
2021-03-19 00:00:00,BTCUSDC,57633.36000000,59470.47000000,56275.94000000,58066.76000000,2051.29798800,119646803.08282956
2021-03-20 00:00:00,BTCUSDC,58040.39000000,59900.00000000,57830.24000000,58109.81000000,1100.58466800,64806622.45736819
2021-03-21 00:00:00,BTCUSDC,58092.11000000,58622.74000000,55436.50000000,57367.35000000,1291.22236100,73782935.20689200
2021-03-22 00:00:00,BTCUSDC,57353.03000000,58418.30000000,53680.25000000,54098.64000000,1734.48720600,97669357.42195924
2021-03-23 00:00:00,BTCUSDC,54080.13000000,55831.63000000,52990.25000000,54374.21000000,1846.80025700,100861979.51530319
2021-03-24 00:00:00,BTCUSDC,54356.22000000,57226.74000000,51600.00000000,52306.87000000,2413.96945200,132577024.06085447
2021-03-25 00:00:00,BTCUSDC,52281.91000000,53529.37000000,50363.16000000,51311.53000000,2673.82403400,138641071.07668104
2021-03-26 00:00:00,BTCUSDC,51310.88000000,55117.58000000,51251.93000000,55078.95000000,2821.37080500,150274899.81097555
2021-03-27 00:00:00,BTCUSDC,55068.25000000,56642.52000000,53939.73000000,55845.08000000,1987.06755900,109724729.51033494
2021-03-28 00:00:00,BTCUSDC,55849.07000000,56540.59000000,54687.19000000,55767.60000000,1439.25492600,80342263.25383929
2021-03-29 00:00:00,BTCUSDC,55776.40000000,58427.60000000,54895.00000000,57595.59000000,2684.97342200,153548576.55761562
2021-03-30 00:00:00,BTCUSDC,57602.51000000,59369.23000000,57040.22000000,58779.80000000,1840.43556700,107663672.64841521
2021-03-31 00:00:00,BTCUSDC,58768.34000000,59824.12000000,56743.63000000,58771.10000000,2207.20271000,129544617.35200894
2021-04-01 00:00:00,BTCUSDC,58760.10000000,59500.00000000,57920.00000000,58713.10000000,1612.43585300,94831869.73017408
2021-04-02 00:00:00,BTCUSDC,58705.79000000,60143.55000000,58448.76000000,58968.56000000,1415.25845000,83966055.66555860
2021-04-03 00:00:00,BTCUSDC,58964.97000000,59999.00000000,56897.78000000,57091.96000000,1474.74188800,86562089.61869634
2021-04-04 00:00:00,BTCUSDC,57065.56000000,58500.00000000,56456.41000000,58221.71000000,1198.04227500,69111094.48958089
2021-04-05 00:00:00,BTCUSDC,58209.31000000,59263.05000000,56781.24000000,59142.84000000,1558.39660400,90897008.64294871
2021-04-06 00:00:00,BTCUSDC,59142.80000000,59499.79000000,57386.73000000,57987.27000000,1502.70236800,87718695.01241105
2021-04-07 00:00:00,BTCUSDC,57987.29000000,58654.95000000,55445.46000000,55941.32000000,2205.62085000,125284899.50552952
2021-04-08 00:00:00,BTCUSDC,55944.12000000,58157.89000000,55677.77000000,58087.01000000,1512.53976700,86544377.11935324
2021-04-09 00:00:00,BTCUSDC,58065.80000000,58881.43000000,57653.65000000,58109.40000000,1369.78256500,79776387.67726282
2021-04-10 00:00:00,BTCUSDC,58115.40000000,61284.36000000,57868.23000000,59778.35000000,1591.48747600,95384873.18056490
2021-04-11 00:00:00,BTCUSDC,59763.24000000,60675.00000000,59171.56000000,59954.82000000,1071.16763800,64048774.73682969
2021-04-12 00:00:00,BTCUSDC,59961.48000000,61240.60000000,59350.00000000,59830.82000000,1538.87441700,92563525.90063535
2021-04-13 00:00:00,BTCUSDC,59819.35000000,63770.99000000,59772.36000000,63554.56000000,2152.86384300,134206597.97305150
2021-04-14 00:00:00,BTCUSDC,63583.85000000,64882.47000000,61109.00000000,62963.80000000,2610.12368800,165254691.18325011
2021-04-15 00:00:00,BTCUSDC,62963.80000000,63862.20000000,62032.95000000,63224.59000000,1571.28096700,98865592.21371554
2021-04-16 00:00:00,BTCUSDC,63224.58000000,63581.56000000,60015.30000000,61404.30000000,2532.39748500,155921698.43549736
2021-04-17 00:00:00,BTCUSDC,61415.60000000,62583.55000000,59659.33000000,60046.12000000,1701.28182600,104358790.38855043
2021-04-18 00:00:00,BTCUSDC,60066.30000000,60420.87000000,51035.68000000,56265.18000000,4639.89497700,258631685.38799201
2021-04-19 00:00:00,BTCUSDC,56248.84000000,58000.00000000,54245.51000000,55664.34000000,2781.46273200,156375551.95394916
2021-04-20 00:00:00,BTCUSDC,55674.40000000,57200.00000000,53403.37000000,56474.41000000,2973.94942400,165496560.93875977
2021-04-21 00:00:00,BTCUSDC,56482.87000000,56823.75000000,53450.12000000,53803.99000000,3248.98277500,179923800.95944000
2021-04-22 00:00:00,BTCUSDC,53811.62000000,55500.00000000,50469.00000000,51736.97000000,4407.93670100,235666041.31434941
2021-04-23 00:00:00,BTCUSDC,51712.24000000,52125.87000000,47464.46000000,51121.14000000,5274.85311400,262031699.82299926
2021-04-24 00:00:00,BTCUSDC,51161.12000000,51196.80000000,47718.92000000,50105.00000000,2375.97798500,118675168.93529339
2021-04-25 00:00:00,BTCUSDC,50099.71000000,50599.99000000,47013.71000000,49123.01000000,1979.09038400,97689453.15128463
2021-04-26 00:00:00,BTCUSDC,49123.07000000,54597.25000000,48835.81000000,54055.99000000,3280.13329500,173549103.12017624
2021-04-27 00:00:00,BTCUSDC,54040.75000000,55500.00000000,53307.49000000,55068.14000000,1891.36144800,103370318.94403161
2021-04-28 00:00:00,BTCUSDC,55064.80000000,56489.53000000,53864.59000000,54877.50000000,1993.68212700,109247737.14295873
2021-04-29 00:00:00,BTCUSDC,54877.50000000,55225.12000000,52360.10000000,53580.60000000,1800.21107400,96779795.21048271
2021-04-30 00:00:00,BTCUSDC,53591.28000000,58000.04000000,53077.54000000,57764.76000000,2042.90135100,113235781.14032069
2021-05-01 00:00:00,BTCUSDC,57764.75000000,58531.63000000,57047.64000000,57843.14000000,1402.79922800,81100381.44790015
2021-05-02 00:00:00,BTCUSDC,57844.90000000,57963.86000000,56073.43000000,56606.30000000,1172.06658900,66536208.12187936
2021-05-03 00:00:00,BTCUSDC,56602.83000000,59050.00000000,56490.38000000,57205.19000000,2193.81254100,127098664.62716253
2021-05-04 00:00:00,BTCUSDC,57208.09000000,57228.69000000,53000.00000000,53227.11000000,2965.38360100,163301664.33330390
2021-05-05 00:00:00,BTCUSDC,53241.86000000,57998.96000000,52915.12000000,57493.09000000,2752.99492400,154098813.60253733
2021-05-06 00:00:00,BTCUSDC,57504.22000000,59050.00000000,55268.09000000,56440.62000000,2198.30932100,125145205.28920153
2021-05-07 00:00:00,BTCUSDC,56429.29000000,58725.27000000,55300.00000000,57368.34000000,2209.71204500,125646477.32627117
2021-05-08 00:00:00,BTCUSDC,57367.68000000,59558.20000000,56971.49000000,58939.31000000,1866.38168900,109314218.76844235
2021-05-09 00:00:00,BTCUSDC,58945.90000000,59300.00000000,56260.45000000,58280.40000000,2226.05807800,129009369.09957499
2021-05-10 00:00:00,BTCUSDC,58328.37000000,59611.94000000,53232.55000000,55859.56000000,3348.07222900,191736544.75721653
2021-05-11 00:00:00,BTCUSDC,55872.21000000,59500.00000000,54511.06000000,56752.71000000,2219.30333800,123790796.15774357
2021-05-12 00:00:00,BTCUSDC,56749.65000000,59000.00000000,48500.00000000,49547.74000000,3110.69932900,169901641.20919589
2021-05-13 00:00:00,BTCUSDC,49545.49000000,55199.00000000,46100.00000000,49661.84000000,5142.84160000,254465993.62585081
2021-05-14 00:00:00,BTCUSDC,49691.58000000,51579.44000000,48873.52000000,49887.22000000,2102.64666800,105480465.50863828
2021-05-15 00:00:00,BTCUSDC,49893.73000000,51800.00000000,46571.88000000,46785.78000000,2056.56746300,99992947.98446513
2021-05-16 00:00:00,BTCUSDC,46801.92000000,49796.87000000,43800.00000000,46429.20000000,3616.30698500,168736617.18479067
2021-05-17 00:00:00,BTCUSDC,46427.05000000,46659.97000000,42117.00000000,43530.32000000,5363.67917300,236031427.73574158
2021-05-18 00:00:00,BTCUSDC,43542.51000000,45840.94000000,42288.01000000,42876.51000000,3541.78506000,156111577.69563421
2021-05-19 00:00:00,BTCUSDC,42883.81000000,43600.00000000,30000.00000000,36753.96000000,13553.42947700,512865229.81953819
2021-05-20 00:00:00,BTCUSDC,36754.00000000,42750.00000000,33734.69000000,40632.12000000,6970.37922700,275252497.43222548
2021-05-21 00:00:00,BTCUSDC,40589.29000000,42275.11000000,33510.00000000,37344.93000000,7988.20568500,303679371.37631390
2021-05-22 00:00:00,BTCUSDC,37333.51000000,38888.00000000,35113.01000000,37482.33000000,5085.56188700,190414457.06766706
2021-05-23 00:00:00,BTCUSDC,37480.40000000,38299.08000000,31055.00000000,34734.64000000,8714.00280100,298131480.54705775
2021-05-24 00:00:00,BTCUSDC,34760.71000000,40000.00000000,34431.52000000,38819.19000000,5880.16378600,218929469.19913454
2021-05-25 00:00:00,BTCUSDC,38833.93000000,39840.73000000,36437.83000000,38380.94000000,3920.48743500,149153051.73728721
2021-05-26 00:00:00,BTCUSDC,38364.12000000,40900.00000000,37840.77000000,39281.68000000,3337.45478000,131056840.84522466
2021-05-27 00:00:00,BTCUSDC,39279.15000000,40437.57000000,37189.32000000,38552.14000000,2415.22531000,93554139.16714542
2021-05-28 00:00:00,BTCUSDC,38562.04000000,38897.36000000,34700.00000000,35672.13000000,4290.37491200,156305048.92019029
2021-05-29 00:00:00,BTCUSDC,35689.60000000,37362.60000000,33633.33000000,34598.36000000,3474.50177100,122169667.28410868
2021-05-30 00:00:00,BTCUSDC,34612.40000000,36800.00000000,33400.00000000,35658.55000000,3093.47901900,109748945.38583024
2021-05-31 00:00:00,BTCUSDC,35651.65000000,37516.48000000,34182.39000000,37245.25000000,3381.19032000,121881536.14120815
2021-06-01 00:00:00,BTCUSDC,37254.08000000,37920.31000000,35660.45000000,36680.29000000,2733.03713700,100071005.63790619
2021-06-02 00:00:00,BTCUSDC,36690.42000000,38438.27000000,35900.00000000,37579.26000000,2173.91436700,81179288.50933766
2021-06-03 00:00:00,BTCUSDC,37567.84000000,39481.00000000,37168.10000000,39243.83000000,2552.86180500,98522169.41860984
2021-06-04 00:00:00,BTCUSDC,39243.84000000,39277.82000000,35500.00000000,36861.35000000,2970.81323000,109795347.83752542
2021-06-05 00:00:00,BTCUSDC,36849.44000000,37922.96000000,34800.00000000,35530.74000000,2301.57086000,83670031.34249441
2021-06-06 00:00:00,BTCUSDC,35505.32000000,36476.84000000,34800.00000000,35798.29000000,1473.24566100,52950583.37939971
2021-06-07 00:00:00,BTCUSDC,35801.16000000,36840.74000000,33300.00000000,33578.01000000,2759.90736400,97734699.96511562
2021-06-08 00:00:00,BTCUSDC,33563.44000000,34072.78000000,31021.00000000,33373.32000000,4905.52872500,160339795.00185580
2021-06-09 00:00:00,BTCUSDC,33400.66000000,37552.10000000,32420.91000000,37412.11000000,3979.16696800,139900234.23379884
2021-06-10 00:00:00,BTCUSDC,37400.55000000,38619.59000000,35815.18000000,36686.78000000,3242.46228200,120337268.20393051
2021-06-11 00:00:00,BTCUSDC,36677.28000000,37850.00000000,35939.88000000,37324.57000000,2533.47109600,93882413.40474908
2021-06-12 00:00:00,BTCUSDC,37341.29000000,37450.78000000,34611.00000000,35527.10000000,2359.47805100,84129498.33598339
2021-06-13 00:00:00,BTCUSDC,35555.85000000,39657.69000000,34770.24000000,39025.72000000,2809.08063300,103776914.39097610
2021-06-14 00:00:00,BTCUSDC,39037.68000000,41069.90000000,38738.00000000,40525.99000000,3250.61920700,129427611.91689107
2021-06-15 00:00:00,BTCUSDC,40521.93000000,41339.67000000,39526.52000000,40156.95000000,2281.39524300,91831971.81444935
2021-06-16 00:00:00,BTCUSDC,40145.00000000,40512.00000000,38012.54000000,38341.29000000,2500.02492100,98470850.64183221
2021-06-17 00:00:00,BTCUSDC,38333.40000000,39548.79000000,37373.00000000,38079.75000000,2663.87597400,102985226.40604752
2021-06-18 00:00:00,BTCUSDC,38081.20000000,39100.00000000,35149.30000000,35828.28000000,2688.04037700,99054700.03491269
2021-06-19 00:00:00,BTCUSDC,35840.76000000,36458.94000000,34826.00000000,35491.55000000,2884.26322800,103139612.26320442
2021-06-20 00:00:00,BTCUSDC,35487.75000000,36140.18000000,33330.59000000,35593.89000000,3234.34021900,112623496.90447061
2021-06-21 00:00:00,BTCUSDC,35589.06000000,35742.71000000,31250.00000000,31609.12000000,6103.44550200,199990465.98568728
2021-06-22 00:00:00,BTCUSDC,31619.44000000,33463.05000000,28765.43000000,32518.52000000,8274.32859000,258284057.13533197
2021-06-23 00:00:00,BTCUSDC,32520.45000000,34864.52000000,31709.94000000,33672.23000000,4379.36249700,147765298.79640525
2021-06-24 00:00:00,BTCUSDC,33680.77000000,35331.00000000,32323.00000000,34664.58000000,2561.59860200,86742145.29117694
2021-06-25 00:00:00,BTCUSDC,34648.14000000,35500.00000000,31260.00000000,31593.10000000,3758.82374600,124884109.23351854
2021-06-26 00:00:00,BTCUSDC,31582.01000000,32873.91000000,30150.00000000,32273.49000000,3537.90158900,110848848.26462178
2021-06-27 00:00:00,BTCUSDC,32256.33000000,34745.69000000,31987.13000000,34678.88000000,2997.28307200,99405211.38499067
2021-06-28 00:00:00,BTCUSDC,34708.86000000,35303.91000000,33888.00000000,34481.09000000,2852.13612800,98470441.86143767
2021-06-29 00:00:00,BTCUSDC,34486.75000000,36633.77000000,34202.20000000,35911.03000000,3050.02758600,108601615.72371507
2021-06-30 00:00:00,BTCUSDC,35917.57000000,36114.70000000,33901.71000000,35026.97000000,2633.31680200,91839316.95302879
2021-07-01 00:00:00,BTCUSDC,35052.97000000,35053.04000000,32666.60000000,33513.42000000,2290.01724500,76978314.53205531
2021-07-02 00:00:00,BTCUSDC,33517.99000000,34089.13000000,32700.00000000,33810.38000000,2067.78219300,68822139.69410347
2021-07-03 00:00:00,BTCUSDC,33788.75000000,34989.06000000,33328.75000000,34681.43000000,1636.16379800,56292044.04712406
2021-07-04 00:00:00,BTCUSDC,34685.34000000,35968.64000000,34375.42000000,35290.65000000,1306.07039800,46142792.76451367
2021-07-05 00:00:00,BTCUSDC,35280.25000000,35280.25000000,33118.81000000,33743.42000000,2082.53760200,70819358.33969320
2021-07-06 00:00:00,BTCUSDC,33708.50000000,35155.16000000,33500.00000000,34225.52000000,1707.63752000,58352602.99777640
2021-07-07 00:00:00,BTCUSDC,34208.61000000,35076.44000000,33763.39000000,33868.46000000,1699.22550900,58800743.78196873
2021-07-08 00:00:00,BTCUSDC,33863.93000000,33934.43000000,32096.15000000,32870.81000000,2457.23525900,80847664.28284598
2021-07-09 00:00:00,BTCUSDC,32868.08000000,34097.23000000,32255.75000000,33806.64000000,1547.33225900,51237947.84971557
2021-07-10 00:00:00,BTCUSDC,33805.04000000,34301.85000000,33013.17000000,33503.04000000,1153.01213400,38826334.88164352
2021-07-11 00:00:00,BTCUSDC,33501.16000000,34626.41000000,33304.69000000,34244.09000000,1197.25396600,40600315.90203328
2021-07-12 00:00:00,BTCUSDC,34251.44000000,34683.69000000,31120.00000000,33089.77000000,1837.31530400,61390007.22488983
2021-07-13 00:00:00,BTCUSDC,33090.50000000,33333.31000000,32167.56000000,32727.05000000,1996.89593000,65401060.54266259
2021-07-14 00:00:00,BTCUSDC,32727.72000000,33132.11000000,31589.84000000,32818.32000000,1695.65143000,55005172.78343821
2021-07-15 00:00:00,BTCUSDC,32814.57000000,33189.38000000,31130.27000000,31870.74000000,2195.83316500,69987495.18509521
2021-07-16 00:00:00,BTCUSDC,31872.07000000,32268.00000000,31025.65000000,31374.74000000,1843.89764100,58495919.28858562
2021-07-17 00:00:00,BTCUSDC,31378.63000000,31988.00000000,31152.31000000,31509.98000000,1369.57999900,43195628.15538067
2021-07-18 00:00:00,BTCUSDC,31519.62000000,32439.14000000,31135.12000000,31782.76000000,1428.17477800,45314004.00391065
2021-07-19 00:00:00,BTCUSDC,31786.78000000,31898.00000000,30402.83000000,30828.98000000,1935.71184100,60112385.55411254
2021-07-20 00:00:00,BTCUSDC,30832.11000000,31055.00000000,29264.41000000,29793.63000000,2982.96964500,88808864.57486091
2021-07-21 00:00:00,BTCUSDC,29795.90000000,32844.96000000,29487.79000000,32128.31000000,3712.68739300,116841242.55082545
2021-07-22 00:00:00,BTCUSDC,32148.48000000,32598.59000000,31726.23000000,32288.94000000,2160.16461800,69425725.46095881
2021-07-23 00:00:00,BTCUSDC,32289.95000000,33650.19000000,32000.00000000,33636.26000000,2144.92607400,69989670.16581380
2021-07-24 00:00:00,BTCUSDC,33652.22000000,34507.83000000,33418.36000000,34264.68000000,2469.01846600,83715740.84094534
2021-07-25 00:00:00,BTCUSDC,34275.19000000,35417.90000000,33872.05000000,35401.94000000,1727.27939900,59467879.92423093
2021-07-26 00:00:00,BTCUSDC,35403.88000000,40588.12000000,35248.96000000,37248.41000000,7281.06185800,278910615.57297302
2021-07-27 00:00:00,BTCUSDC,37250.03000000,39543.90000000,36399.00000000,39479.37000000,5201.98709700,195967464.51557491
2021-07-28 00:00:00,BTCUSDC,39469.30000000,40898.00000000,38768.52000000,40013.65000000,6663.97045200,265947233.58163494
2021-07-29 00:00:00,BTCUSDC,40028.89000000,40643.15000000,39114.97000000,40035.89000000,3481.87225100,138999257.60724889
2021-07-30 00:00:00,BTCUSDC,40033.89000000,42338.09000000,38318.36000000,42230.35000000,4310.91402600,171249348.27940024
2021-07-31 00:00:00,BTCUSDC,42225.61000000,42471.61000000,41066.10000000,41481.71000000,2153.95935800,89810997.32033959
2021-08-01 00:00:00,BTCUSDC,41493.12000000,42600.00000000,39432.00000000,39856.79000000,2450.14526000,100957068.86980098
2021-08-02 00:00:00,BTCUSDC,39866.51000000,40457.08000000,38688.88000000,39150.89000000,2260.51476700,89410786.84348324
2021-08-03 00:00:00,BTCUSDC,39159.43000000,39785.98000000,37654.48000000,38202.95000000,2590.17930600,99354374.76533859
2021-08-04 00:00:00,BTCUSDC,38209.90000000,39965.90000000,37500.00000000,39734.78000000,2290.32775500,88810466.75848466
2021-08-05 00:00:00,BTCUSDC,39725.68000000,41374.07000000,37300.00000000,40882.95000000,3377.41244200,132594958.53818326
2021-08-06 00:00:00,BTCUSDC,40883.36000000,43399.99000000,39879.65000000,42874.98000000,3210.78819100,133517459.61042943
2021-08-07 00:00:00,BTCUSDC,42874.98000000,44754.94000000,42442.55000000,44600.86000000,3261.02491400,142187148.61382283
2021-08-08 00:00:00,BTCUSDC,44608.28000000,45360.20000000,43288.55000000,43835.04000000,2989.06890500,132671172.43782215
2021-08-09 00:00:00,BTCUSDC,43828.73000000,46499.99000000,42817.95000000,46267.01000000,3649.60115400,164078845.82112277
2021-08-10 00:00:00,BTCUSDC,46269.61000000,46735.29000000,44619.89000000,45598.01000000,2279.47989300,103912138.79774359
2021-08-11 00:00:00,BTCUSDC,45603.14000000,46787.68000000,45341.00000000,45532.33000000,2176.99113700,100430895.45937033
2021-08-12 00:00:00,BTCUSDC,45543.49000000,46230.98000000,43762.79000000,44433.43000000,2562.02566500,114776330.29506126
2021-08-13 00:00:00,BTCUSDC,44437.80000000,47893.76000000,44241.49000000,47831.83000000,2132.62233000,99167634.82240807
2021-08-14 00:00:00,BTCUSDC,47824.57000000,48200.00000000,46024.66000000,47092.92000000,2150.21136400,101094188.79756498
2021-08-15 00:00:00,BTCUSDC,47110.63000000,47404.12000000,45516.45000000,47003.87000000,1826.29805700,84540663.56676905
2021-08-16 00:00:00,BTCUSDC,47013.50000000,48076.27000000,45660.83000000,45876.97000000,2167.45052800,101503127.30018812
2021-08-17 00:00:00,BTCUSDC,45906.48000000,47171.98000000,44386.35000000,44648.84000000,2288.38996300,104816676.01579281
2021-08-18 00:00:00,BTCUSDC,44701.83000000,46031.82000000,44220.44000000,44717.35000000,2282.19500100,103062115.56190726
2021-08-19 00:00:00,BTCUSDC,44731.72000000,47059.76000000,43943.44000000,46753.72000000,2377.18335800,107737486.67862807
2021-08-20 00:00:00,BTCUSDC,46758.32000000,49406.05000000,46640.73000000,49326.64000000,2518.77742200,120461957.51594434
2021-08-21 00:00:00,BTCUSDC,49347.44000000,49808.89000000,48251.00000000,48858.83000000,1708.86349700,83841919.42418720
2021-08-22 00:00:00,BTCUSDC,48864.06000000,49516.11000000,47972.28000000,49276.50000000,1119.39548300,54675995.13658940
2021-08-23 00:00:00,BTCUSDC,49276.50000000,50546.27000000,49040.94000000,49545.26000000,2109.41856200,105410115.50105284
2021-08-24 00:00:00,BTCUSDC,49508.47000000,49888.62000000,47600.00000000,47700.91000000,2248.85708100,109484996.13833419
2021-08-25 00:00:00,BTCUSDC,47688.01000000,49280.07000000,47128.89000000,48991.76000000,1868.96493300,90048587.77655729
2021-08-26 00:00:00,BTCUSDC,48984.49000000,49357.20000000,46236.72000000,46863.00000000,1872.83558000,88482920.42599408
2021-08-27 00:00:00,BTCUSDC,46855.79000000,49551.39000000,46344.05000000,49071.50000000,2115.20263700,101172262.20311900
2021-08-28 00:00:00,BTCUSDC,49090.48000000,49312.17000000,48380.00000000,48920.68000000,709.60507000,34677605.12342810
2021-08-29 00:00:00,BTCUSDC,48927.61000000,49664.49000000,47788.88000000,48792.95000000,1181.51303900,57525876.31030023
2021-08-30 00:00:00,BTCUSDC,48805.61000000,48901.12000000,46852.74000000,46995.47000000,1521.97002000,73044189.75109920
2021-08-31 00:00:00,BTCUSDC,46996.65000000,48260.39000000,46581.26000000,47121.64000000,1775.38109000,84070036.09841080
2021-09-01 00:00:00,BTCUSDC,47102.56000000,49121.50000000,46531.41000000,48843.62000000,1818.59385000,87099256.41973950
2021-09-02 00:00:00,BTCUSDC,48838.81000000,50402.50000000,48543.82000000,49267.13000000,2090.17874200,103871760.60409002
2021-09-03 00:00:00,BTCUSDC,49262.78000000,51045.17000000,48343.37000000,50015.65000000,2322.35318400,116195927.53659738
2021-09-04 00:00:00,BTCUSDC,50016.62000000,50550.00000000,49387.75000000,49938.29000000,1032.21495000,51649102.60433330
2021-09-05 00:00:00,BTCUSDC,49943.80000000,51950.00000000,49472.92000000,51786.64000000,1060.28212400,53672019.07825824
2021-09-06 00:00:00,BTCUSDC,51792.48000000,52800.00000000,51018.18000000,52707.76000000,1468.89485400,76064581.31227277
2021-09-07 00:00:00,BTCUSDC,52696.91000000,52942.42000000,42913.00000000,46870.91000000,5411.56689100,261336508.42086665
2021-09-08 00:00:00,BTCUSDC,46877.47000000,47372.48000000,44425.56000000,46047.92000000,2735.46603000,126169504.37150180
2021-09-09 00:00:00,BTCUSDC,46044.16000000,47399.99000000,45513.02000000,46395.19000000,1672.47953000,77679347.84653300
2021-09-10 00:00:00,BTCUSDC,46379.60000000,47031.04000000,44126.04000000,44864.41000000,2935.39666000,133763928.80508550
2021-09-11 00:00:00,BTCUSDC,44846.07000000,45983.01000000,44732.80000000,45174.46000000,899.74221000,40838338.17590510
2021-09-12 00:00:00,BTCUSDC,45178.97000000,46485.87000000,44750.00000000,46051.09000000,962.05905000,43959604.72032890
2021-09-13 00:00:00,BTCUSDC,46036.05000000,46900.00000000,43390.57000000,44936.64000000,2557.22891000,114227460.51623790
2021-09-14 00:00:00,BTCUSDC,44952.90000000,47257.42000000,44652.43000000,47131.49000000,1448.23167000,66860787.13664310
2021-09-15 00:00:00,BTCUSDC,47144.37000000,48464.21000000,46709.52000000,48150.00000000,1283.35576000,61127056.80429530
2021-09-16 00:00:00,BTCUSDC,48148.56000000,48514.71000000,47031.81000000,47756.59000000,1123.77024000,53745435.39508670
2021-09-17 00:00:00,BTCUSDC,47756.14000000,48177.84000000,46754.52000000,47293.72000000,1199.73727000,57002587.86443740
2021-09-18 00:00:00,BTCUSDC,47293.72000000,48930.00000000,47050.00000000,48291.38000000,927.81267000,44748053.29715300
2021-09-19 00:00:00,BTCUSDC,48312.60000000,48375.96000000,46850.01000000,47254.55000000,766.78784000,36507914.99037420
2021-09-20 00:00:00,BTCUSDC,47253.20000000,47353.82000000,42485.30000000,42982.67000000,3459.45257300,153109840.71825445
2021-09-21 00:00:00,BTCUSDC,43026.33000000,43629.88000000,39603.22000000,40692.59000000,3757.04037100,157615777.14574989
2021-09-22 00:00:00,BTCUSDC,40717.96000000,44024.21000000,40539.26000000,43563.31000000,2357.12945000,100530540.90935020
2021-09-23 00:00:00,BTCUSDC,43552.58000000,44995.60000000,43089.91000000,44882.61000000,1849.54939000,81554384.14474060
2021-09-24 00:00:00,BTCUSDC,44893.36000000,45144.23000000,40700.00000000,42829.70000000,3784.97293000,160985329.17022700
2021-09-25 00:00:00,BTCUSDC,42849.24000000,42986.45000000,41623.57000000,42699.79000000,944.44035000,40178906.67361230
2021-09-26 00:00:00,BTCUSDC,42706.43000000,43953.96000000,40758.14000000,43207.18000000,1701.25636000,72600858.17892200
2021-09-27 00:00:00,BTCUSDC,43192.61000000,44367.62000000,42118.51000000,42171.38000000,1448.52434000,63060287.56734900
2021-09-28 00:00:00,BTCUSDC,42161.79000000,42778.07000000,40851.47000000,41039.20000000,2764.79980000,115459185.78362130
2021-09-29 00:00:00,BTCUSDC,41032.33000000,42588.00000000,40761.01000000,41526.74000000,1266.24308000,52822791.16899790
2021-09-30 00:00:00,BTCUSDC,41533.27000000,44123.55000000,41402.28000000,43809.47000000,1572.68135000,68073066.19338380
2021-10-01 00:00:00,BTCUSDC,43822.89000000,48486.08000000,43293.08000000,48147.38000000,2616.91387000,121518253.46411990
2021-10-02 00:00:00,BTCUSDC,48181.13000000,48349.39000000,47460.89000000,47672.68000000,719.57948000,34427995.71773850
2021-10-03 00:00:00,BTCUSDC,47662.03000000,49399.99000000,47134.57000000,48220.00000000,756.67767000,36456634.24495190
2021-10-04 00:00:00,BTCUSDC,48214.74000000,49507.80000000,46933.60000000,49247.63000000,1283.57755000,62069248.67402620
2021-10-05 00:00:00,BTCUSDC,49252.59000000,51921.46000000,49057.36000000,51488.94000000,1382.53304000,69568892.51090630
2021-10-06 00:00:00,BTCUSDC,51502.83000000,55794.07000000,50408.96000000,55330.92000000,2133.37770100,113716193.94630434
2021-10-07 00:00:00,BTCUSDC,55332.46000000,55352.49000000,53392.38000000,53767.81000000,1434.18373000,78000326.33101130
2021-10-08 00:00:00,BTCUSDC,53788.03000000,56150.90000000,53627.77000000,53918.86000000,1285.58196500,70304244.52617723
2021-10-09 00:00:00,BTCUSDC,53953.98000000,55500.00000000,53684.22000000,54967.95000000,1105.48293000,60575064.10968080
2021-10-10 00:00:00,BTCUSDC,54964.06000000,56571.07000000,54096.07000000,54683.46000000,1354.97792000,74820268.32284030
2021-10-11 00:00:00,BTCUSDC,54676.28000000,57850.00000000,54428.75000000,57481.59000000,1795.69681300,101698348.63769603
2021-10-12 00:00:00,BTCUSDC,57484.60000000,57682.00000000,53960.00000000,56012.01000000,1644.28209000,92838986.26014260
2021-10-13 00:00:00,BTCUSDC,55991.40000000,57777.00000000,54250.00000000,57350.02000000,1967.72250000,110281072.78637770
2021-10-14 00:00:00,BTCUSDC,57357.00000000,58535.01000000,56831.13000000,57354.45000000,1587.84199100,91546589.72322399
2021-10-15 00:00:00,BTCUSDC,57349.26000000,62888.00000000,56880.00000000,61656.96000000,3029.63532200,182669747.40732164
2021-10-16 00:00:00,BTCUSDC,61684.10000000,62350.30000000,60141.32000000,60872.12000000,1565.20842000,95897305.91623750
2021-10-17 00:00:00,BTCUSDC,60873.43000000,61703.16000000,58957.00000000,61535.05000000,1547.04131000,93874468.61450450
2021-10-18 00:00:00,BTCUSDC,61546.25000000,62673.83000000,59872.80000000,62008.68000000,2528.10069000,156072423.94097530
2021-10-19 00:00:00,BTCUSDC,61997.64000000,64485.86000000,61345.36000000,64288.20000000,2199.99131200,138220653.54722581
2021-10-20 00:00:00,BTCUSDC,64293.96000000,66999.00000000,63506.06000000,66026.58000000,2079.45869400,136158704.17719457
2021-10-21 00:00:00,BTCUSDC,66012.44000000,66656.35000000,62026.47000000,62234.92000000,2862.92077000,183845083.80432110
2021-10-22 00:00:00,BTCUSDC,62189.25000000,63740.00000000,59646.00000000,60673.23000000,2007.95377000,124270131.18725540
2021-10-23 00:00:00,BTCUSDC,60671.39000000,61748.61000000,59200.00000000,61273.70000000,986.02957000,60160510.76930960
2021-10-24 00:00:00,BTCUSDC,61274.42000000,61486.64000000,59515.01000000,60861.30000000,1065.09103000,64400993.01112900
2021-10-25 00:00:00,BTCUSDC,60868.56000000,63701.59000000,60651.05000000,63066.67000000,1399.65520000,87780321.96598740
2021-10-26 00:00:00,BTCUSDC,63070.02000000,63284.93000000,59820.49000000,60315.07000000,1548.21153000,95944730.58942560
2021-10-27 00:00:00,BTCUSDC,60352.17000000,61500.00000000,58050.00000000,58435.46000000,2994.91498000,178573186.85260330
2021-10-28 00:00:00,BTCUSDC,58447.59000000,62525.33000000,57775.00000000,60605.87000000,2342.14735000,141340811.28154240
2021-10-29 00:00:00,BTCUSDC,60615.44000000,62970.75000000,60197.12000000,62251.16000000,1620.52053000,99749961.52813250
2021-10-30 00:00:00,BTCUSDC,62270.49000000,62538.41000000,60733.04000000,61875.18000000,1021.32246000,62884134.18698650
2021-10-31 00:00:00,BTCUSDC,61891.70000000,62435.92000000,59931.37000000,61333.39000000,1142.98769000,69640233.29260700
2021-11-01 00:00:00,BTCUSDC,61330.34000000,62463.58000000,59433.79000000,60935.63000000,1380.36695000,84628155.94391440
2021-11-02 00:00:00,BTCUSDC,60954.89000000,64352.05000000,60666.37000000,63253.09000000,1238.34719000,77773225.25314450
2021-11-03 00:00:00,BTCUSDC,63264.19000000,63579.57000000,60200.00000000,62916.65000000,1403.16163000,87839454.88289050
2021-11-04 00:00:00,BTCUSDC,62940.41000000,63115.71000000,60503.00000000,61450.02000000,1657.02078000,102054592.14314190
2021-11-05 00:00:00,BTCUSDC,61437.63000000,62629.59000000,60777.77000000,60988.27000000,1791.69920000,110150191.64960160
2021-11-06 00:00:00,BTCUSDC,60987.71000000,61848.65000000,60105.35000000,61518.64000000,1483.77571000,90338397.16785450
2021-11-07 00:00:00,BTCUSDC,61518.51000000,63350.74000000,61371.99000000,63316.59000000,1378.37895000,85674603.89479340
2021-11-08 00:00:00,BTCUSDC,63335.52000000,67805.83000000,63335.52000000,67566.37000000,2346.54545400,154416430.47090238
2021-11-09 00:00:00,BTCUSDC,67563.92000000,68587.57000000,66241.63000000,66936.19000000,2965.94543700,200812460.63430240
2021-11-10 00:00:00,BTCUSDC,66957.50000000,69000.00000000,62590.56000000,64912.92000000,3889.19407900,259107745.97668470
2021-11-11 00:00:00,BTCUSDC,64902.29000000,65624.56000000,64124.37000000,64809.39000000,2967.92731000,192705862.40472080
2021-11-12 00:00:00,BTCUSDC,64799.65000000,65474.58000000,62281.51000000,64135.28000000,2666.98440000,170660460.19490560
2021-11-13 00:00:00,BTCUSDC,64126.80000000,65000.00000000,63378.68000000,64399.29000000,1326.28562000,85006856.47474940
2021-11-14 00:00:00,BTCUSDC,64389.87000000,65528.48000000,63574.01000000,65524.48000000,1263.93285000,81428442.32869130
2021-11-15 00:00:00,BTCUSDC,65524.48000000,66381.19000000,63387.18000000,63624.34000000,1708.33409000,111054361.78375150
2021-11-16 00:00:00,BTCUSDC,63625.32000000,63625.33000000,58600.00000000,60104.11000000,4151.82879000,252159599.24871350
2021-11-17 00:00:00,BTCUSDC,60092.96000000,60834.24000000,58385.86000000,60362.20000000,2348.05878000,140281716.29801200
2021-11-18 00:00:00,BTCUSDC,60360.23000000,60975.18000000,56526.00000000,56941.16000000,3097.18266000,181635623.49203080
2021-11-19 00:00:00,BTCUSDC,56913.30000000,58381.88000000,55640.76000000,58108.98000000,1951.30039000,111492740.31890180
2021-11-20 00:00:00,BTCUSDC,58104.82000000,59878.51000000,57012.14000000,59731.19000000,983.45225000,57662427.99179030
2021-11-21 00:00:00,BTCUSDC,59737.70000000,60078.73000000,58535.57000000,58652.71000000,860.73147000,50939913.64024050
2021-11-22 00:00:00,BTCUSDC,58656.80000000,59506.54000000,55649.00000000,56287.10000000,1738.06508000,99692093.41122310
2021-11-23 00:00:00,BTCUSDC,56278.81000000,57862.86000000,55366.66000000,57568.59000000,1590.80445000,90513589.95946600
2021-11-24 00:00:00,BTCUSDC,57548.15000000,57738.72000000,55883.82000000,57194.13000000,1370.56747000,77727072.51825660
2021-11-25 00:00:00,BTCUSDC,57166.30000000,59443.04000000,57017.01000000,58969.02000000,1293.81725000,75469110.91796760
2021-11-26 00:00:00,BTCUSDC,58992.93000000,59183.87000000,53508.00000000,53766.83000000,2167.06751000,119977618.02580420
2021-11-27 00:00:00,BTCUSDC,53749.87000000,55314.06000000,53644.35000000,54765.06000000,880.80615000,48155776.53342230
2021-11-28 00:00:00,BTCUSDC,54739.33000000,57456.06000000,53295.00000000,57310.86000000,1140.84219000,62637995.75241770
2021-11-29 00:00:00,BTCUSDC,57316.51000000,58916.94000000,56733.27000000,57820.17000000,1423.50908000,82107596.91061400
2021-11-30 00:00:00,BTCUSDC,57820.32000000,59206.01000000,55906.20000000,56919.18000000,1477.11473000,84838329.61920480
2021-12-01 00:00:00,BTCUSDC,56986.53000000,59083.36000000,56500.00000000,57217.79000000,1653.59655000,95488998.25637770
2021-12-02 00:00:00,BTCUSDC,57209.28000000,57478.41000000,55815.74000000,56532.79000000,1183.29513000,67055561.52110790
2021-12-03 00:00:00,BTCUSDC,56532.45000000,57658.48000000,51603.82000000,53631.94000000,1693.72863000,93706739.68927990
2021-12-04 00:00:00,BTCUSDC,53652.45000000,53888.88000000,42220.00000000,49209.18000000,4971.41175000,240109148.03807330
2021-12-05 00:00:00,BTCUSDC,49209.20000000,50149.99000000,47801.98000000,49462.25000000,2323.31169000,113917204.47845060
2021-12-06 00:00:00,BTCUSDC,49467.32000000,50943.48000000,47160.38000000,50502.47000000,2690.74591000,131170192.02349130
2021-12-07 00:00:00,BTCUSDC,50493.80000000,51988.78000000,50072.12000000,50621.96000000,1524.14159000,77801966.66192990
2021-12-08 00:00:00,BTCUSDC,50621.36000000,51254.34000000,48626.97000000,50494.99000000,1522.74258000,76431785.14591220
2021-12-09 00:00:00,BTCUSDC,50521.39000000,51827.00000000,47331.96000000,47567.78000000,2238.93806000,109861480.78499190
2021-12-10 00:00:00,BTCUSDC,47557.04000000,50117.56000000,46745.65000000,47161.36000000,1666.91131000,80497767.66278700
2021-12-11 00:00:00,BTCUSDC,47161.75000000,49511.19000000,46773.75000000,49400.00000000,1349.27870000,65316948.54221720
2021-12-12 00:00:00,BTCUSDC,49415.54000000,50794.18000000,48655.60000000,50102.38000000,1032.19309000,51325282.44770870
2021-12-13 00:00:00,BTCUSDC,50085.10000000,50217.36000000,45666.00000000,46714.09000000,1865.33964000,88966848.23396470
2021-12-14 00:00:00,BTCUSDC,46715.77000000,48699.98000000,46277.22000000,48372.70000000,1696.51564000,80101066.50685260
2021-12-15 00:00:00,BTCUSDC,48351.52000000,49511.19000000,46550.00000000,48873.12000000,1685.24178000,81174374.91091440
2021-12-16 00:00:00,BTCUSDC,48883.95000000,49448.00000000,47530.96000000,47632.51000000,1073.00264000,52086407.24389230
2021-12-17 00:00:00,BTCUSDC,47637.80000000,48002.79000000,45453.27000000,46164.49000000,1460.72198000,68309396.04611570
2021-12-18 00:00:00,BTCUSDC,46146.39000000,47379.37000000,45511.38000000,46841.10000000,877.37822000,40870191.68358950
2021-12-19 00:00:00,BTCUSDC,46842.52000000,48327.16000000,46426.88000000,46706.64000000,981.61648000,46361319.21860560
2021-12-20 00:00:00,BTCUSDC,46684.54000000,47550.00000000,45511.67000000,46922.77000000,1288.67609000,59788997.42995860
2021-12-21 00:00:00,BTCUSDC,46922.77000000,49334.40000000,46640.88000000,48906.44000000,1410.22415000,68365590.85397080
2021-12-22 00:00:00,BTCUSDC,48903.46000000,49675.14000000,47779.80000000,48610.33000000,1012.73929000,49613844.34913680
2021-12-23 00:00:00,BTCUSDC,48614.45000000,51381.81000000,48001.30000000,50850.00000000,1128.61396000,55698880.61686790
2021-12-24 00:00:00,BTCUSDC,50853.25000000,51856.71000000,50431.14000000,50829.53000000,914.22864000,46719899.67649260
2021-12-25 00:00:00,BTCUSDC,50844.76000000,51200.00000000,50181.29000000,50418.10000000,610.56259000,30994942.40174010
2021-12-26 00:00:00,BTCUSDC,50425.88000000,51381.80000000,49414.93000000,50804.87000000,841.95695000,42254830.11122560
2021-12-27 00:00:00,BTCUSDC,50815.82000000,52195.60000000,50474.66000000,50695.95000000,890.68237000,45562828.90309280
2021-12-28 00:00:00,BTCUSDC,50714.51000000,52000.00000000,47300.00000000,47551.60000000,1561.80985000,76386457.63045050
2021-12-29 00:00:00,BTCUSDC,47559.26000000,48142.01000000,46049.09000000,46468.33000000,1169.16789000,55369419.98418340
2021-12-30 00:00:00,BTCUSDC,46472.42000000,47939.04000000,45932.45000000,47135.69000000,1014.59241000,47810777.76475380
2021-12-31 00:00:00,BTCUSDC,47125.88000000,48586.17000000,45651.00000000,46231.04000000,1739.45844000,82439829.30131520
